class,precision,recall,f1,support,ovr_roc_auc,ovr_pr_auc
NEGATIVA,0.828125,0.9137931034482759,0.8688524590163935,58.0,0.8871878715814507,0.8317901323415932
BAIXA,0.625,0.5882352941176471,0.6060606060606061,34.0,0.551470588235294,0.37677830258272826
ALTA,0.85,0.7083333333333334,0.7727272727272727,24.0,0.9547101449275361,0.8041477574140112
